MUSIC, THE <//> m/music.html
CHRIS STAPLETON <//> c/chrisstapleton.html
MANFRED MANN'S EARTH BAND <//> m/manfredmannsearthband.html
EVERETT, JACE <//> j/jaceeverett.html
SHAMAN'S HARVEST <//> s/shamansharvest.html
DEMI LOVATO <//> d/demilovato.html
GUINEY, BOB <//> g/guiney.html
MORGAN, LAZA <//> l/lazamorgan.html
FERREIRA, SKY <//> s/skyferreira.html
FAT JOE <//> f/fatjoe.html
RYAN, BIANCA <//> b/biancaryan.html
AUTOMATIC LOVELETTER <//> a/automaticloveletter.html
FM STATIC <//> f/fmstatic.html
KENDRICK, ANNA <//> a/annakendrick.html
ABDUL, PAULA <//> a/abdul.html
PRIMUS <//> p/primus.html
VOLUMES <//> v/volumes.html
FRANKIE BALLARD <//> f/frankieballard.html
CAGE, BYRON <//> b/byroncage.html
ASH <//> a/ash.html
VILLAGE PEOPLE <//> v/villagepeople.html
JAMIE LAWSON <//> j/jamielawson.html
LABELLE <//> l/labelle.html
FUEL <//> f/fuel.html
FUTUREHEADS, THE <//> f/futureheads.html
KAVINSKY <//> k/kavinsky.html
MILLS, STEPHANIE <//> s/stephaniemills.html
HARP, JESSICA <//> j/jessicaharp.html
SOKO <//> s/soko.html
SANDÉ, EMELI <//> e/emelisand.html
PARIS HILTON <//> p/parishilton.html
DANI SHAY <//> d/danishay.html
KENNY LATTIMORE <//> k/kennylattimore.html
TOTAL <//> t/total.html
MARY MARY <//> m/marymary.html
MANNIE FRESH <//> m/manniefresh.html
KADEBOSTANY <//> k/kadebostany.html
FRANCESCO YATES <//> f/francescoyates.html
WOLFE, CHELSEA <//> c/chelseawolfe.html
WHITE, KARYN <//> k/karynwhite.html
BELLE & SEBASTIAN <//> b/bellesebastian.html
DIGITAL UNDERGROUND <//> d/digitalunderground.html
SIZZLA <//> s/sizzla.html
SINEAD O'CONNOR <//> s/sineadoconnor.html
THEY MIGHT BE GIANTS <//> t/theymightbegiants.html
LEE DEWYZE <//> l/leedewyze.html
ROSS LYNCH <//> r/rosslynch.html
DON WILLIAMS <//> d/donwilliams.html
VANILLA NINJA <//> v/vanillaninja.html
SEAN LENNON <//> s/seanlennon.html
