WILLIS, MATT <//> m/mattwillis.html
LIL' TROY <//> l/liltroy.html
SELWYN <//> s/selwyn.html
OH HELLOS, THE <//> o/ohhellos.html
SHILOH <//> s/shiloh.html
SCENE 23 <//> s/scene23.html
GORILLAZ <//> g/gorillaz.html
ANNE HATHAWAY <//> a/annehathaway.html
SARAH MCLACHLAN <//> m/mclachlan.html
PITNEY, GENE <//> g/genepitney.html
TAL <//> t/tal.html
DEBARGE, KRISTINIA <//> k/kristiniadebarge.html
WE AS HUMAN <//> w/weashuman.html
ALKALINE <//> a/alkaline.html
MADDEN BROTHERS, THE <//> m/maddenbrothers.html
MIAMI HORROR <//> m/miamihorror.html
STEVEN TYLER <//> s/steventyler.html
LIBERTY X <//> l/libertyx.html
CHELSEA WOLFE <//> c/chelseawolfe.html
ASIA CRUISE <//> a/asiacruise.html
ALICE PEACOCK <//> a/alicepeacock.html
STELLA SOLEIL <//> s/soleil.html
AXWELL Λ INGROSSO <//> a/axwellingrosso.html
NATHANSON, MATT <//> m/mattnathanson.html
HARRY STYLES <//> h/harrystyles.html
SHEENA EASTON <//> s/sheenaeaston.html
FRADIANI, NICK <//> n/nickfradiani.html
STAVES, THE <//> s/staves.html
ROSSDALE, GAVIN <//> r/rossdale.html
KNOPFLER, MARK <//> m/markknopfler.html
MINOGUE, DANNII <//> m/minogued.html
LIQUIDEEP <//> l/liquideep.html
MEGAN NICOLE <//> m/megannicole.html
MARTIN, TERRACE <//> t/terracemartin.html
WILKINSON <//> w/wilkinson.html
WALKER, BUTCH <//> w/walker.html
GEORGIA SATELLITES, THE <//> g/georgiasatellites.html
UNICORNS, THE <//> u/unicorns.html
GREEN, ANTHONY <//> a/anthonygreen.html
MINOR, DEREK <//> d/derekminor.html
DUFF, HAYLIE <//> h/haylieduff.html
DOMMIN <//> d/dommin.html
LITTLE FEAT <//> l/littlefeat.html
ANDROIDS <//> a/androids.html
EAGLE-EYE CHERRY <//> e/eagleeyecherry.html
AUDIEN <//> a/audien.html
RANDY HOUSER <//> r/randyhouser.html
MUMBA, SAMANTHA <//> m/mumba.html
BEAUTIFUL SOUTH, THE <//> b/beautifulsouth.html
RUBIO, PAULINA <//> r/rubio.html
