BASSEY, SHIRLEY <//> s/shirleybassey.html
NOTHING BUT THIEVES <//> n/nothingbutthieves.html
AVALON <//> a/avalon.html
DEXYS <//> d/dexys.html
SHAWN MENDES <//> s/shawnmendes.html
HEZEKIAH WALKER <//> h/hezekiahwalker.html
DOVE CAMERON <//> d/dovecameron.html
EDITH PIAF <//> e/edithpiaf.html
MARTIN GARRIX <//> m/martingarrix.html
ANNELIESE VAN DER POL <//> a/anneliesevanderpol.html
WALE <//> w/wale.html
PIGG, LANDON <//> l/landonpigg.html
MOTT THE HOOPLE <//> m/mottthehoople.html
B.G. <//> b/bg.html
SAIGON <//> s/saigon.html
DAVID SNEDDON <//> s/sneddon.html
GINNY BLACKMORE <//> g/ginnyblackmore.html
NIK KERSHAW <//> n/nikkershaw.html
BIRD, ANDREW <//> a/andrewbird.html
MORGAN, CRAIG <//> c/craigmorgan.html
CAGE, ATHENA <//> a/athenacage.html
SAMBORA, RICHIE <//> r/richiesambora.html
HEART, MICHAEL <//> m/michaelheart.html
SPANDAU BALLET <//> s/spandauballet.html
ALBARN, DAMON <//> d/damonalbarn.html
BACHMAN, TAL <//> t/talbachman.html
MATTYB <//> m/mattyb.html
DEBISON, ASELIN <//> a/aselindebison.html
JS <//> j/js.html
J-DAWG <//> j/jdawg.html
AUGUST ALSINA <//> a/augustalsina.html
KERI HILSON <//> k/kerihilson.html
TRAVELING WILBURYS, THE <//> t/travelingwilburys.html
COBRA STARSHIP <//> c/cobrastarship.html
KILLS, NATALIA <//> n/nataliakills.html
ADELEN <//> a/adelen.html
JAMES MORRISON <//> j/jamesmorrison.html
FASTBALL <//> f/fastball.html
NEUTRAL MILK HOTEL <//> n/neutralmilkhotel.html
TISDALE, ASHLEY <//> a/ashleytisdale.html
TANGERINE KITTY <//> t/tangerinekitty.html
CASHMERE CAT <//> c/cashmerecat.html
SAN JOSE, JULIE ANNE <//> j/julieannesanjose.html
JUMP5 <//> j/jump5.html
CORBY, MATT <//> m/mattcorby.html
FYFE DANGERFIELD <//> f/fyfedangerfield.html
BRENTON WOOD <//> b/brentonwood.html
WRABEL <//> w/wrabel.html
CHARLES JENKINS & FELLOWSHIP CHICAGO <//> c/charlesjenkinsfellowshipchicago.html
ALEXA GODDARD <//> a/alexagoddard.html
