J RODDY WALSTON AND THE BUSINESS <//> j/jroddywalstonandthebusiness.html
DE LA SOUL <//> d/delasoul.html
CALIBRE 50 <//> c/calibre50.html
GARETH EMERY <//> g/garethemery.html
DIGBY, MARIE <//> m/mariedigby.html
CAREY, MARIAH <//> m/mariahcarey.html
BROKENCYDE <//> b/brokencyde.html
LIONEL RICHIE <//> r/richie.html
RIGHT SAID FRED <//> r/rightsaidfred.html
SEAN PAUL <//> p/paul.html
RAURY <//> r/raury.html
KRISSY & ERICKA <//> k/krissyericka.html
AKIA <//> a/akia.html
AGONIST, THE <//> a/agonist.html
CHELSEA GRIN <//> c/chelseagrin.html
PARKS, ALEX <//> a/alexparks.html
BROWN, KACI <//> k/kacibrown.html
HUSH SOUND, THE <//> h/hushsound.html
MAHOGANY LOX <//> m/mahoganylox.html
MICK JENKINS <//> m/mickjenkins.html
WOODS, ROY <//> r/roywoods.html
BAEZ, JOAN <//> j/joanbaez.html
DISTILLERS, THE <//> d/distillers.html
MURPHY, ROISIN <//> r/roisinmurphy.html
JIMMY NEEDHAM <//> j/jimmyneedham.html
GIRAC, KENDJI <//> k/kendjigirac.html
DEV <//> d/dev.html
MONICA <//> m/monica.html
ASHLEY PARKER ANGEL <//> a/ashleyparkerangel.html
WILLAMETTE STONE <//> w/willamettestone.html
JERRY REED <//> j/jerryreed.html
MCGUIRE, BARRY <//> b/barrymcguire.html
CRAIG SMART <//> c/craigsmart.html
MATT MORRIS <//> m/mattmorris.html
PROCLAIMERS, THE <//> p/proclaimers.html
LIL' ROMEO <//> l/lilromeo.html
CHRISTOPHER <//> c/christopher.html
STEALING SHEEP <//> s/stealingsheep.html
LADY SOVEREIGN <//> l/ladysovereign.html
CASE, ANDIE <//> a/andiecase.html
WILDS, MACK <//> m/mackwilds.html
TIZIANO FERRO <//> f/ferro.html
SANCTUS REAL <//> s/sanctusreal.html
BOYINABAND <//> b/boyinaband.html
STONE SOUR <//> s/stonesour.html
LECRAE <//> l/lecrae.html
INNA <//> i/inna.html
DEPECHE MODE <//> d/depeche.html
WALLS GROUP, THE <//> w/wallsgroup.html
BAUHAUS <//> b/bauhaus.html
