HUNTER, MATT <//> m/matthunter.html
LARSSON, ZARA <//> z/zaralarsson.html
MARIE SERNEHOLT <//> m/marieserneholt.html
VNV NATION <//> v/vnvnation.html
O'RIORDAN, DOLORES <//> d/doloresoriordan.html
BEN PEARCE <//> b/benpearce.html
TANKIAN, SERJ <//> s/serjtankian.html
STACEY, PHIL <//> p/philstacey.html
PLAN B <//> p/planb3751.html
NICOLE C. MULLEN <//> n/nicolecmullen.html
CASEY VEGGIES <//> c/caseyveggies.html
HUMBLE PIE <//> h/humblepie.html
MANAOIS, TATIANA <//> t/tatianamanaois.html
PRESLEY, ELVIS <//> e/elvis.html
BLUE SWEDE <//> b/blueswede.html
CRIS CAB <//> c/criscab.html
JONEZ, BANDO <//> b/bandojonez.html
JOSH GAD <//> j/joshgad.html
AUSTIN JONES <//> a/austinjones.html
DEWYZE, LEE <//> l/leedewyze.html
VALENTINO, BOBBY <//> b/bobbyvalentino.html
ALISON MOYET <//> a/alisonmoyet.html
SCHOOLBOY Q <//> s/schoolboyq.html
ARIKA KANE <//> a/arikakane.html
EXAMPLE <//> e/example.html
BIG & RICH <//> b/bigrich.html
POWERWOLF <//> p/powerwolf.html
KRAMER, JANA <//> j/janakramer.html
TIZ, KATY <//> k/katytiz.html
CHRIS MANN <//> c/chrismann.html
THALIA <//> t/thalia.html
SPOON <//> s/spoon.html
CHIODOS <//> c/chiodos.html
BOOMKAT <//> b/boomkat.html
RAY TORO <//> r/raytoro.html
SINCH <//> s/sinch.html
SMITH, JADEN <//> j/jadensmith.html
HOLMES, KATIE <//> h/holmes.html
LUKE FRIEND <//> l/lukefriend.html
R.L. <//> r/rl.html
JAMES, DUNCAN <//> d/duncanjames.html
PAT BENATAR <//> p/patbenatar.html
CHRISTIAN KANE <//> c/christiankane.html
YARDBIRDS, THE <//> y/yardbirds.html
SEDAKA, NEIL <//> n/neilsedaka.html
STEALERS WHEEL <//> s/stealerswheel.html
CARLY RAE JEPSEN <//> c/carlyraejepsen.html
SUMMER SET, THE <//> s/summerset.html
ALEESIA <//> a/aleesia.html
FEIST <//> f/feist.html
