ANTHONY GREEN <//> a/anthonygreen.html
JACKSON, MICHAEL <//> j/jackson.html
CHRONIC FUTURE <//> c/chronicfuture.html
TYPE O NEGATIVE <//> t/typeonegative.html
REBELUTION <//> r/rebelution.html
DONNIE IRIS <//> d/donnieiris.html
SIMPLY RED <//> s/simplyred.html
HILSON, KERI <//> k/kerihilson.html
KNOWLES, BEYONCE <//> k/knowles.html
ROCK STAR SUPERNOVA <//> r/rockstarsupernova.html
SHANE DAWSON <//> s/shanedawson.html
MCCARTNEY, PAUL <//> p/paulmccartney.html
CARNES, KIM <//> k/kimcarnes.html
GAVIN ROSSDALE <//> r/rossdale.html
TOBY TURNER <//> t/tobyturner.html
MASON JENNINGS <//> j/jennings.html
JESS MOSKALUKE <//> j/jessmoskaluke.html
LOREEN <//> l/loreen.html
LADY LESHURR <//> l/ladyleshurr.html
JORDAN KNIGHT <//> k/knight.html
SILA <//> s/sila.html
SUPERCHICK <//> s/superchick.html
LEWIS, ANTHONY <//> a/anthonylewis.html
SONS OF THE SEA <//> s/sonsofthesea.html
FREESOL <//> f/freesol.html
ANNA KENDRICK <//> a/annakendrick.html
OPETH <//> o/opeth.html
MATTHEW MORRISON <//> m/matthewmorrison.html
TRIP LEE <//> t/triplee.html
PLATTEN, RACHEL <//> r/rachelplatten.html
ROBIN THICKE <//> r/robinthicke.html
NOVA, HEATHER <//> h/heathernova.html
CAMPBELL, ELLIE <//> c/campbell.html
HENNINGSENS, THE <//> h/henningsens.html
FITO BLANKO <//> f/fitoblanko.html
KORN <//> k/korn.html
MARIO VAZQUEZ <//> m/mariovazquez.html
NEW MEDICINE <//> n/newmedicine.html
DORROUGH <//> d/dorrough.html
NEW BOYZ <//> n/newboyz.html
GARRETT, KEVIN <//> k/kevingarrett.html
BLANCA <//> b/blanca.html
MIDNIGHT BEAST, THE <//> m/midnightbeast.html
YOLANDA ADAMS <//> a/adamsy.html
DASH BERLIN <//> d/dashberlin.html
SORAIA, CHARLENE <//> c/charlenesoraia.html
FROM AUTUMN TO ASHES <//> f/fromautumntoashes.html
RACHEL FARLEY <//> r/rachelfarley.html
VELASQUEZ, REGINE <//> r/reginevelasquez.html
SHYNE <//> s/shyne.html
