CHEMICAL BROTHERS, THE <//> c/chemicalbrothers.html
WINANS, CECE <//> c/cecewinans.html
DAWIN <//> d/dawin.html
RICH, JOHN <//> j/johnrich.html
LIKE MOTHS TO FLAMES <//> l/likemothstoflames.html
LOVE, TOBY <//> t/tobylove.html
SABATON <//> s/sabaton.html
TITO EL BAMBINO <//> t/titoelbambino.html
PECK, DANIELLE <//> d/daniellepeck.html
AL GREEN <//> a/algreen.html
FOZZEY & VANC <//> f/fozzeyvanc.html
ROBIN GIBB <//> r/robingibb.html
PARADISE FEARS <//> p/paradisefears.html
DONALD LAWRENCE <//> d/donaldlawrence.html
PETER CETERA <//> p/petercetera.html
TOBYMAC <//> t/tobymac.html
ALLEN, KRIS <//> k/krisallen.html
LAURYN HILL <//> h/hill.html
HONOR SOCIETY <//> h/honorsociety.html
BASSNECTAR <//> b/bassnectar.html
D'BANJ <//> d/dbanj.html
BILLY CORGAN <//> b/billycorgan.html
FRAMES, THE <//> f/frames.html
ONE VOICE <//> o/onevoice.html
WARE, JESSIE <//> j/jessieware.html
MAINO <//> m/maino.html
TYE TRIBBETT <//> t/tyetribbett.html
JAMIE CAMPBELL BOWER <//> j/jamiecampbellbower.html
ALTIYAN CHILDS <//> a/altiyanchilds.html
SKYLIT DRIVE, A <//> s/skylitdrive.html
PETE DOHERTY <//> p/petedoherty.html
WILD CHERRY <//> w/wildcherry.html
NEW YEARS DAY <//> n/newyearsday.html
GIGI D'AGOSTINO <//> d/dagostino.html
CHESNUTT, MARK <//> m/markchesnutt.html
D-LOW <//> d/dlow.html
JOEL, BILLY <//> b/billyjoel.html
BINGO PLAYERS <//> b/bingoplayers.html
BAILEY RAE, CORINNE <//> c/corinnebaileyrae.html
ALPHAVILLE <//> a/alphaville.html
LOGGINS, KENNY <//> k/kennyloggins.html
DAY, ALEX <//> a/alexday.html
STYLO G <//> s/stylog.html
JOHNS, DANIEL <//> d/danieljohns.html
ALLURE <//> a/allure.html
NYOVEST, CASSPER <//> c/casspernyovest.html
VIOLENT FEMMES <//> v/violentfemmes.html
P-SQUARE <//> p/psquare.html
CHER LLOYD <//> c/cherlloyd.html
STEREO FUSE <//> s/stereofuse.html
