TREAL LEE <//> t/treallee.html
PATRICK WATSON <//> p/patrickwatson.html
MAGGIE LINDEMANN <//> m/maggielindemann.html
POWERMAN 5000 <//> p/powerman.html
EDEN'S CRUSH <//> e/edenscrush.html
DANIEL BEDINGFIELD <//> b/bedingfield.html
SOKYRKA, THERESA <//> t/theresasokyrka.html
ADAMS, YOLANDA <//> a/adamsy.html
TWISTED SISTER <//> t/twistedsister.html
JOSH TURNER <//> t/turnerjosh.html
SHOWTEK <//> s/showtek.html
CHURCH, THE <//> c/churchband.html
SARAH CONNOR <//> c/connor.html
KEITH WHITLEY <//> k/keithwhitley.html
R. CITY <//> r/rcity.html
WELCH, GILLIAN <//> g/gillianwelch.html
BLUES TRAVELER <//> b/bluestraveler.html
RANCID <//> r/rancid.html
DOBIE GRAY <//> d/dobiegray.html
PHOEBE RYAN <//> p/phoeberyan.html
JAKE OWEN <//> j/jakeowen.html
VIRGINS, THE <//> v/virgins.html
JUDY GARLAND <//> j/judygarland.html
TESSANNE CHIN <//> t/tessannechin.html
OLDFIELD, MIKE <//> m/mikeoldfield.html
DRU HILL <//> d/druhill.html
LOCAL NATIVES <//> l/localnatives.html
BANGTAN BOYS <//> b/bangtanboys.html
TOMMY LEE <//> l/leet.html
TOVE STYRKE <//> t/tovestyrke.html
PEACOCK, ALICE <//> a/alicepeacock.html
ANN MARIE <//> a/annmarie.html
CHRISTINA AGUILERA <//> a/aguilera.html
RONAN KEATING <//> k/keating.html
CONNOR, SARAH <//> c/connor.html
GABRIEL, ANA <//> a/anagabriel.html
LARSEN, BLAINE <//> b/blainelarsen.html
BRUNI, CARLA <//> c/carlabruni.html
WORLEY, DARRYL <//> d/darrylworley.html
MADDIE & TAE <//> m/maddietae.html
SUNDAYS, THE <//> s/sundays.html
EMERY <//> e/emery.html
BEACH FOSSILS <//> b/beachfossils.html
KZ TANDINGAN <//> k/kztandingan.html
DEAR HUNTER, THE <//> d/dearhunter.html
JERK <//> j/jerk.html
SHEILA ON 7 <//> s/sheilaon7.html
HOUGHTON, ISRAEL <//> i/israelhoughton.html
MIRANDA LAMBERT <//> m/mirandalambert.html
B-52'S, THE <//> b/b52s.html
