CASH MONEY MILLIONAIRES <//> c/cashmoney.html
PERRY, STEVE <//> s/steveperry.html
ALEX GOOT <//> a/alexgoot.html
NAWLAGE <//> n/nawlage.html
RUFF ENDZ <//> r/ruffendz.html
YO GOTTI <//> y/yogotti.html
WEST, JOHN <//> j/johnwest.html
ALL 4 ONE <//> a/all4one.html
BETH HART <//> b/bethhart.html
MAEJOR, BEI <//> b/beimaejor.html
E-40 <//> e/e40.html
ALPHA REV <//> a/alpharev.html
HANK WILLIAMS JR. <//> h/hankwilliamsjr.html
FABIAN, LARA <//> f/fabian.html
BLACK FLAG <//> b/blackflag.html
BROWN, ANTHONY <//> a/anthonybrown.html
JASON DERULO <//> j/jasonderulo.html
SHAYNE WARD <//> s/shayneward.html
ISAIAH RASHAD <//> i/isaiahrashad.html
GOGOL BORDELLO <//> g/gogolbordello.html
BILAL <//> b/bilal.html
TOM DICE <//> t/tomdice.html
ERA <//> e/era.html
BLACK, ANDY <//> a/andyblack.html
CHESNEY, KENNY <//> c/chesney.html
ALI, NADIA <//> n/nadiaali.html
LADY MAY <//> l/ladymay.html
BEBE REXHA <//> b/beberexha.html
MYRON BUTLER <//> m/myronbutler.html
BISHOP <//> b/bishop.html
ALEXISONFIRE <//> a/alexisonfire.html
LOW LEVEL FLIGHT <//> l/lowlevelflight.html
JAWGA BOYZ <//> j/jawgaboyz.html
MIKE OLDFIELD <//> m/mikeoldfield.html
DIRTIE BLONDE <//> d/dirtieblonde.html
OMI <//> o/omi.html
CHEDDA DA CONNECT <//> c/cheddadaconnect.html
WAVVES <//> w/wavves.html
O'CONNOR, SINEAD <//> s/sineadoconnor.html
KELLY, TORI <//> t/torikelly.html
GODDARD, ALEXA <//> a/alexagoddard.html
LOCKE, KIMBERLEY <//> l/locke.html
DAVID BISBAL <//> d/davidbisbal.html
JOEY MCINTYRE <//> m/mcintyre.html
NATALIE BASSINGTHWAIGHTE <//> n/nataliebassingthwaighte.html
T'PAU <//> t/tpau.html
MICAH STAMPLEY <//> m/micahstampley.html
AIDEN <//> a/aiden.html
ESPERANZA SPALDING <//> e/esperanzaspalding.html
MATTHEW MOLE <//> m/matthewmole.html
