HITMAN SAMMY SAM <//> h/hitmansammy.html
RED LINE CHEMISTRY <//> r/redlinechemistry.html
LANNING, BRYAN <//> b/bryanlanning.html
REDDY, HELEN <//> h/helenreddy.html
VINCE GILL <//> v/vincegill.html
OXIDE & NEUTRINO <//> o/oxideneutrino.html
DIAMOND <//> d/diamond.html
NATHANIEL <//> n/nathaniel.html
SCOOTER <//> s/scooter.html
GWAR <//> g/gwar.html
SARAH DARLING <//> s/sarahdarling.html
B4-4 <//> b/b44.html
FOZZY <//> f/fozzy.html
FIRST AID KIT <//> f/firstaidkit.html
DEL AMITRI <//> d/delamitri.html
RHODES <//> r/rhodes.html
HIDELL <//> h/hidell.html
SCENE AESTHETIC, THE <//> s/sceneaesthetic.html
TERRY JACKS <//> t/terryjacks.html
DUARTE, RYAN <//> d/duarte.html
CULT, THE <//> c/cult.html
KIM CESARION <//> k/kimcesarion.html
CAKE <//> c/cake.html
ALIEN ANT FARM <//> a/alienantfarm.html
STAN WALKER <//> s/stanwalker.html
NEON INDIAN <//> n/neonindian.html
LEGEND, JOHN <//> j/johnlegend.html
KHAN, IMRAN <//> i/imrankhan.html
LAMONTAGNE, RAY <//> r/raylamontagne.html
DEMIS ROUSSOS <//> d/demisroussos.html
LEWIS, JERRY LEE <//> j/jerryleelewis.html
NECK DEEP <//> n/neckdeep.html
KNOWLES, SOLANGE <//> k/knowless.html
CORBIN, EASTON <//> e/eastoncorbin.html
HARRIS, CALVIN <//> c/calvinharris.html
J WESS <//> j/jwess.html
EMMA POLLOCK <//> e/emmapollock.html
DAN LE SAC VS SCROOBIUS PIP <//> d/danlesacvsscroobiuspip.html
MARLEY, ZIGGY <//> z/ziggymarley.html
TANYA TUCKER <//> t/tanyatucker.html
DAWSON, SHANE <//> s/shanedawson.html
GRAY, JASON <//> j/jasongray.html
I-20 <//> i/i20.html
DR. ALBAN <//> d/dralban.html
FRAMING HANLEY <//> f/framinghanley.html
EVERMORE <//> e/evermore.html
DIPLOMATS, THE <//> d/diplomats.html
TONY DIZE <//> t/tonydize.html
LAWRENCE, DONALD <//> d/donaldlawrence.html
CHARLIE SIMPSON <//> c/charliesimpson.html
