UGK <//> u/ugk.html
ANI DIFRANCO <//> d/difranco.html
KEKE PALMER <//> k/kekepalmer.html
GUANO APES <//> g/guanoapes.html
BACKSTREET BOYS <//> b/bsb.html
SOFT CELL <//> s/softcell.html
LUIS FONSI <//> l/luisfonsi.html
MCCREERY, SCOTTY <//> s/scottymccreery.html
CHESTER SEE <//> c/chestersee.html
LAKE STREET DIVE <//> l/lakestreetdive.html
CLARKSON, KELLY <//> c/clarkson.html
BUXTON, SARAH <//> s/sarahbuxton.html
ELIZA DOOLITTLE <//> e/elizadoolittle.html
MONTAG, HEIDI <//> h/heidimontag.html
SAMANTHA J <//> s/samanthaj.html
JAMES, TOMMY <//> t/tommyjames.html
AUGUST EMPIRE, THE <//> a/augustempire.html
OSBORNE, JOAN <//> j/joanosborne.html
JOYWAVE <//> j/joywave.html
LIL' KEKE <//> l/lilkeke.html
JASON ALDEAN <//> j/jasonaldean.html
EVERLY BROTHERS, THE <//> e/everlybrothers.html
BURN SEASON <//> b/burnseason.html
BRIAN WILSON <//> b/brianwilson.html
WILDE, KIM <//> k/kimwilde.html
PEGBOARD NERDS <//> p/pegboardnerds.html
AVION <//> a/avion.html
SECRETS <//> s/secrets.html
LYFE JENNINGS <//> l/lyfe.html
ALAINA, LAUREN <//> l/laurenalaina.html
SENT BY RAVENS <//> s/sentbyravens.html
APHRODITE'S CHILD <//> a/aphroditeschild.html
REPLACEMENTS, THE <//> r/replacements.html
MALCOLM, RYAN <//> m/malcolm.html
NAT AND ALEX WOLFF <//> n/natandalexwolff.html
ISAC ELLIOT <//> i/isacelliot.html
SCOTT WALKER <//> s/scottwalker.html
MINDY MCCREADY <//> m/mindymccready.html
CRUCIAL CONFLICT <//> c/crucial.html
GLORIOUS SONS, THE <//> g/glorioussons.html
NEON HITCH <//> n/neonhitch.html
SOMEKINDAWONDERFUL <//> s/somekindawonderful.html
LATIMORE, JACOB <//> j/jacoblatimore.html
ELIZABETH GILLIES <//> e/elizabethgillies.html
NEWSONG <//> n/newsong.html
ALKALINE TRIO <//> a/alkalinetrio.html
WOODWARD, LUCY <//> w/woodward.html
SUBMERSED <//> s/submersed.html
MAY, IMELDA <//> i/imeldamay.html
ORSON <//> o/orson.html
