QUEEN <//> q/queen.html
ALLEY, CANDICE <//> c/candice.html
POSNER, MIKE <//> m/mikeposner.html
COOPER, LENNY <//> l/lennycooper.html
ORBISON, ROY <//> r/royorbison.html
RJ HELTON <//> r/rjhelton.html
THOMAS, ROSIE <//> r/rosiethomas.html
LEELA JAMES <//> l/leelajames.html
PIANOS BECOME THE TEETH <//> p/pianosbecometheteeth.html
GENE PITNEY <//> g/genepitney.html
FAUL & WAD AD <//> f/faulwadad.html
JOSE MARI CHAN <//> j/josemarichan.html
DEBORAH COX <//> c/cox.html
LOUISE, EMMA <//> e/emmalouise.html
MAYER HAWTHORNE <//> m/mayerhawthorne.html
EMMURE <//> e/emmure.html
SIGMA <//> s/sigma.html
TY HERNDON <//> t/tyherndon.html
ARMIGER, KATIE <//> k/katiearmiger.html
ALAN PARSONS PROJECT, THE <//> a/alanparsonsproject.html
CHANGE OF PACE, A <//> c/changeofpace.html
ROMITI, TONI <//> t/toniromiti.html
KE$HA <//> k/keha.html
LENNY WILLIAMS <//> l/lennywilliams.html
JAVIER COLON <//> j/javiercolon.html
HILLSONG LIVE <//> h/hillsonglive.html
SIMPSON, CODY <//> c/codysimpson.html
NICK JONAS & THE ADMINISTRATION <//> n/nickjonastheadministration.html
IMPERIAL MAMMOTH <//> i/imperialmammoth.html
JOHN P. KEE <//> j/johnpkee.html
MR. VEGAS <//> m/mrvegas.html
BRYANT, MIRIAM <//> m/miriambryant.html
TAUBENFELD, EVAN <//> e/evantaubenfeld.html
ETTA JAMES <//> e/ettajames.html
EDEN XO <//> e/edenxo.html
FOO FIGHTERS <//> f/foofighters.html
STEFANO <//> s/stefano.html
WILCO <//> w/wilco.html
JANIS JOPLIN <//> j/joplin.html
JODECI <//> j/jodeci.html
AMANDA MARSHALL <//> a/amandamarshall.html
VERONICAS, THE <//> v/veronicas.html
BAY, JAMES <//> j/jamesbay.html
MATT WEBB <//> m/mattwebb.html
LEE RYAN <//> l/leeryan.html
YO LA TENGO <//> y/yolatengo.html
PEARCE, BEN <//> b/benpearce.html
NATIONAL, THE <//> n/national.html
RAKIM <//> r/rakim.html
ERIC CARMEN <//> e/ericcarmen.html
