MARCY PLAYGROUND <//> m/marcyplayground.html
NOFX <//> n/nofx.html
WHITE, JIM <//> j/jimwhite.html
AMARO, MELANIE <//> m/melanieamaro.html
SON BY FOUR <//> s/sonbyfour.html
GERI HALLIWELL <//> h/halliwell.html
HOLLYWOOD UNDEAD <//> h/hollywoodundead.html
ALESANA <//> a/alesana.html
SAM CONCEPCION <//> s/samconcepcion.html
TOMAHAWK <//> t/tomahawk.html
RAY LAMONTAGNE <//> r/raylamontagne.html
RUPEE <//> r/rupee.html
CHARLOTTE OC <//> c/charlotteoc.html
JAMES, LUKE <//> l/lukejames.html
BEER, MADISON <//> m/madisonbeer.html
LEE HARDING <//> l/leeharding.html
LINCOLN BREWSTER <//> l/lincolnbrewster.html
MEREDITH ANDREWS <//> m/meredithandrews.html
KATIE HERZIG <//> k/katieherzig.html
JEWEL <//> j/jewel.html
JERMAINE DUPRI (JD) <//> j/jd.html
ELLIPHANT <//> e/elliphant.html
BRIAN MELO <//> b/brianmelo.html
GODWIN, JESS <//> j/jessgodwin.html
CHRIS AND CONRAD <//> c/chrisandconrad.html
SILVAS, LUCIE <//> l/luciesilvas.html
MEMPHIS BLEEK <//> m/memphisbleek.html
TYLER JOSEPH <//> t/tylerjoseph.html
JIMMY FALLON <//> f/fallon.html
SLOW COMING DAY <//> s/slowcomingday.html
WHITE ZOMBIE <//> w/whitezombie.html
GOLDEN EARRING <//> g/goldenearring.html
DONNIE KLANG <//> d/donnieklang.html
CHARLIE BROWN JR. <//> c/charliebrownjr.html
STEVE EARLE <//> s/steveearle.html
JELEN, BEN <//> j/jelen.html
PARAMORE <//> p/paramore.html
PAZ, ESPINOZA <//> e/espinozapaz.html
BUSH, KRISTIAN <//> k/kristianbush.html
GARETH GATES <//> g/gates.html
FRIEND, LUKE <//> l/lukefriend.html
VEGA4 <//> v/vega4.html
ESKIMO CALLBOY <//> e/eskimocallboy.html
BUDDZ, COLLIE <//> c/colliebuddz.html
SHIRLEY BASSEY <//> s/shirleybassey.html
KENTUCKY HEADHUNTERS, THE <//> k/kentuckyheadhunters.html
ALPHABEAT <//> a/alphabeat.html
KEITH RICHARDS <//> k/keithrichards.html
LAURA MARLING <//> l/lauramarling.html
COLLIE BUDDZ <//> c/colliebuddz.html
